name,email,guest_count,pass_id
Marc Delaney,marc.delaney@test.com,2,PASS001
Sarah Johnson,sarah.johnson@test.com,4,PASS002
Michael Smith,michael.smith@test.com,1,PASS003
Emily Davis,emily.davis@test.com,3,PASS004
James Wilson,james.wilson@test.com,2,PASS005
Jessica Brown,jessica.brown@test.com,1,PASS006
David Miller,david.miller@test.com,5,PASS007
Ashley Garcia,ashley.garcia@test.com,2,PASS008
Christopher Martinez,christopher.martinez@test.com,3,PASS009
Amanda Anderson,amanda.anderson@test.com,1,PASS010
Matthew Taylor,matthew.taylor@test.com,4,PASS011
Lisa Thomas,lisa.thomas@test.com,2,PASS012
Andrew Jackson,andrew.jackson@test.com,1,PASS013
Rachel White,rachel.white@test.com,3,PASS014
Daniel Harris,daniel.harris@test.com,2,PASS015
Michelle Lewis,michelle.lewis@test.com,4,PASS016
Kevin Clark,kevin.clark@test.com,1,PASS017
Stephanie Rodriguez,stephanie.rodriguez@test.com,2,PASS018
Ryan Walker,ryan.walker@test.com,3,PASS019
Nicole Hall,nicole.hall@test.com,1,PASS020
Brandon Young,brandon.young@test.com,5,PASS021
Jennifer Allen,jennifer.allen@test.com,2,PASS022
Justin King,justin.king@test.com,1,PASS023
Melissa Wright,melissa.wright@test.com,4,PASS024
Sean Lopez,sean.lopez@test.com,2,PASS025
Kimberly Hill,kimberly.hill@test.com,3,PASS026
Tyler Green,tyler.green@test.com,1,PASS027
Laura Adams,laura.adams@test.com,2,PASS028
Jonathan Baker,jonathan.baker@test.com,4,PASS029
Amy Nelson,amy.nelson@test.com,1,PASS030
Nathan Carter,nathan.carter@test.com,3,PASS031
Rebecca Mitchell,rebecca.mitchell@test.com,2,PASS032
Jeremy Perez,jeremy.perez@test.com,1,PASS033
Crystal Roberts,crystal.roberts@test.com,4,PASS034
Austin Turner,austin.turner@test.com,2,PASS035
Samantha Phillips,samantha.phillips@test.com,3,PASS036
Gregory Campbell,gregory.campbell@test.com,1,PASS037
Diana Parker,diana.parker@test.com,2,PASS038
Eric Evans,eric.evans@test.com,4,PASS039
Heather Edwards,heather.edwards@test.com,1,PASS040
Adam Collins,adam.collins@test.com,3,PASS041
Tiffany Stewart,tiffany.stewart@test.com,2,PASS042
Jordan Sanchez,jordan.sanchez@test.com,1,PASS043
Brittany Morris,brittany.morris@test.com,4,PASS044
Kyle Rogers,kyle.rogers@test.com,2,PASS045
Vanessa Reed,vanessa.reed@test.com,3,PASS046
Zachary Cook,zachary.cook@test.com,1,PASS047
Angela Bailey,angela.bailey@test.com,2,PASS048
Trevor Cooper,trevor.cooper@test.com,4,PASS049
Monica Richardson,monica.richardson@test.com,1,PASS050