name,email,guest_count,pass_id,host_gallery,art_consultant
Marc Delaney,marc.delaney@test.com,2,PASS001,Birmingham - Mailbox,Sophie Williams
Sarah Johnson,sarah.johnson@test.com,4,PASS002,London Covent Garden,James Henderson
Michael Smith,michael.smith@test.com,1,PASS003,Manchester,Emma Thompson
Emily Davis,emily.davis@test.com,3,PASS004,Bath,Oliver Davies
James Wilson,james.wilson@test.com,2,PASS005,Edinburgh,Charlotte Evans
Jessica Brown,jessica.brown@test.com,1,PASS006,Birmingham - ICC,Thomas Mitchell
David Miller,david.miller@test.com,5,PASS007,Leeds,Isabella Clarke
Ashley Garcia,ashley.garcia@test.com,2,PASS008,Brighton,William Carter
Christopher Martinez,christopher.martinez@test.com,3,PASS009,Cardiff,Amelia Roberts
Amanda Anderson,amanda.anderson@test.com,1,PASS010,Cheltenham,George Taylor
Matthew Taylor,matthew.taylor@test.com,4,PASS011,London South Molton Street,Grace Murphy
Lisa Thomas,lisa.thomas@test.com,2,PASS012,York,Samuel Brown
Andrew Jackson,andrew.jackson@test.com,1,PASS013,Oxford,Lucy Johnson
Rachel White,rachel.white@test.com,3,PASS014,Newcastle,Henry Wilson
Daniel Harris,daniel.harris@test.com,2,PASS015,Birmingham - Mailbox,Chloe Anderson
Michelle Lewis,michelle.lewis@test.com,4,PASS016,Glasgow,Alexander White
Kevin Clark,kevin.clark@test.com,1,PASS017,Derby,Sophia Harris
Stephanie Rodriguez,stephanie.rodriguez@test.com,2,PASS018,Cambridge,Jacob Thompson
Ryan Walker,ryan.walker@test.com,3,PASS019,Chester,Mia Lewis
Nicole Hall,nicole.hall@test.com,1,PASS020,Harrogate,Noah Clark
Brandon Young,brandon.young@test.com,5,PASS021,London St Christopher's Place,Ella Rodriguez
Jennifer Allen,jennifer.allen@test.com,2,PASS022,Bristol,Lucas Walker
Justin King,justin.king@test.com,1,PASS023,Canterbury,Ava Hall
Melissa Wright,melissa.wright@test.com,4,PASS024,Leamington Spa,Mason Young
Sean Lopez,sean.lopez@test.com,2,PASS025,Liverpool,Lily Allen
Kimberly Hill,kimberly.hill@test.com,3,PASS026,Milton Keynes,Ethan King
Tyler Green,tyler.green@test.com,1,PASS027,Nottingham,Zoe Wright
Laura Adams,laura.adams@test.com,2,PASS028,Stamford,Logan Lopez
Jonathan Baker,jonathan.baker@test.com,4,PASS029,Stratford-upon-Avon,Hannah Hill
Amy Nelson,amy.nelson@test.com,1,PASS030,Sheffield Meadowhall,Benjamin Green
Nathan Carter,nathan.carter@test.com,3,PASS031,Exeter,Scarlett Adams
Rebecca Mitchell,rebecca.mitchell@test.com,2,PASS032,Guildford,Jack Baker
Jeremy Perez,jeremy.perez@test.com,1,PASS033,Kent - Bluewater,Madison Nelson
Crystal Roberts,crystal.roberts@test.com,4,PASS034,Marlow,Ryan Carter
Austin Turner,austin.turner@test.com,2,PASS035,Norwich,Layla Mitchell
Samantha Phillips,samantha.phillips@test.com,3,PASS036,Reading,Caleb Perez
Gregory Campbell,gregory.campbell@test.com,1,PASS037,Tunbridge Wells,Aria Roberts
Diana Parker,diana.parker@test.com,2,PASS038,Winchester,Grayson Turner
Eric Evans,eric.evans@test.com,4,PASS039,Windsor,Luna Phillips
Heather Edwards,heather.edwards@test.com,1,PASS040,Birmingham - ICC,Levi Campbell
Adam Collins,adam.collins@test.com,3,PASS041,London Covent Garden,Nova Parker
Tiffany Stewart,tiffany.stewart@test.com,2,PASS042,Manchester,Ian Evans
Jordan Sanchez,jordan.sanchez@test.com,1,PASS043,Bath,Stella Edwards
Brittany Morris,brittany.morris@test.com,4,PASS044,Edinburgh,Carson Collins
Kyle Rogers,kyle.rogers@test.com,2,PASS045,Birmingham - Mailbox,Hazel Stewart
Vanessa Reed,vanessa.reed@test.com,3,PASS046,Leeds,Maverick Sanchez
Zachary Cook,zachary.cook@test.com,1,PASS047,Brighton,Aurora Morris
Angela Bailey,angela.bailey@test.com,2,PASS048,Cardiff,Leo Rogers
Trevor Cooper,trevor.cooper@test.com,4,PASS049,Cheltenham,Violet Reed
Monica Richardson,monica.richardson@test.com,1,PASS050,London South Molton Street,Ezra Cook